start-date,end_date,task-id,status
1981-01-01,1981-02-01,CO7FZGKJGMLKGTRAB2DQQORR,SUBMITTED
1981-02-01,1981-03-01,R5C7LQAKUJXNUAWIUUJXFUHD,SUBMITTED
1981-03-01,1981-04-01,SLJTLYZLNVDB63ABWK6AVION,SUBMITTED
1981-04-01,1981-05-01,O4TXA3WW5LK5LYUAEZO5MSCW,SUBMITTED
1981-05-01,1981-06-01,XPUOIWKKU5JSWFHJS54YVRR7,SUBMITTED
1981-06-01,1981-07-01,IPY4XWP2GFXK72XIELAKITQL,SUBMITTED
1981-07-01,1981-08-01,TASV75XU76LCMGESBUGGW6L3,SUBMITTED
1981-08-01,1981-09-01,ZNVHZJ3AOG5CF6PIKE6MWVRF,SUBMITTED
1981-09-01,1981-10-01,2D2TJYBHSYRP6QOMCYZ7V7L2,SUBMITTED
1981-10-01,1981-11-01,EFTOKQVKVXIFW2LZIAOS3HJN,SUBMITTED
1981-11-01,1981-12-01,BPGQ5KWQXXV6VPYVN2Q6U2OS,SUBMITTED
1981-12-01,1982-01-01,YFMHDL2JOL7DCQXXFD3ZB7PU,SUBMITTED
1982-01-01,1982-02-01,JY7XUONNXZN2YHDGF23TOPK5,SUBMITTED
1982-02-01,1982-03-01,BOOCOM7SP346CAFFSM4ZEL74,SUBMITTED
1982-03-01,1982-04-01,SJ5EUDXSMGNCDDPYXJHTF3I2,SUBMITTED
1982-04-01,1982-05-01,KFNCQS2PI4V4GWFKRAVS7DPA,SUBMITTED
1982-05-01,1982-06-01,XVBJBAGQA5BRU66E3DQIN3C3,SUBMITTED
1982-06-01,1982-07-01,Q7ZCTF4664BGZ3VKWIP7WHO4,SUBMITTED
1982-07-01,1982-08-01,AJ4ZXQSQ5WVEOV3RO3IQLHME,SUBMITTED
1982-08-01,1982-09-01,PBRW7JT4K57YFQA64XOK455E,SUBMITTED
1982-09-01,1982-10-01,S4PICRXD2YBSFKBTBNT6IUFI,SUBMITTED
1982-10-01,1982-11-01,2Z2DIHZ6NRIYCKUMGTJI5WKR,SUBMITTED
1982-11-01,1982-12-01,INWBUMPYLWZJSXOSDAGBAQON,SUBMITTED
1982-12-01,1983-01-01,OL4YAB2LRQ3UXOMAX5FAI2CW,SUBMITTED
1983-01-01,1983-02-01,E4Q3YWRZDVC7WZESPLXNZP2A,SUBMITTED
1983-02-01,1983-03-01,TA2CZFYWL7DD472F6F7H5LMV,SUBMITTED
1983-03-01,1983-04-01,QRDZPABVBFTFANKXW2KKWBXR,SUBMITTED
1983-04-01,1983-05-01,QM3VWV34W5Y4KF3WM6NA2JCQ,SUBMITTED
1983-05-01,1983-06-01,45HE5VRE73J6IQSOLJR3TUJM,SUBMITTED
1983-06-01,1983-07-01,XUGDK6COONCGE2CEJE4DW4DT,SUBMITTED
1983-07-01,1983-08-01,TIKK3TFJYJC525DG4F5WS2HH,SUBMITTED
1983-08-01,1983-09-01,SNKDAEEC3NJT5ZSIA5QUTILG,SUBMITTED
1983-09-01,1983-10-01,SIKOHG3KADAK3EJOTUHYIDF3,SUBMITTED
1983-10-01,1983-11-01,NRTYK5WL2Y6ALRW7Q7ZQ7XCY,SUBMITTED
1983-11-01,1983-12-01,VBXUMOMXXIBDRJ673VTIPCNR,SUBMITTED
1983-12-01,1984-01-01,KKIGUXRKRLRWYVWOGAJ34Q6H,SUBMITTED
1984-01-01,1984-02-01,M6K4LE63LVEMYEZHZ4JA4IVG,SUBMITTED
1984-02-01,1984-03-01,YJQZYELDMUBDWZBKXE2VEJZL,SUBMITTED
1984-03-01,1984-04-01,A2CCLANRDAVOVMW4YTKKTU42,SUBMITTED
1984-04-01,1984-05-01,F2PJPRQVXHGNWOCBKNT6FHUE,SUBMITTED
1984-05-01,1984-06-01,Q7CVLZSA4BBOJ7DEHHFVPOLX,SUBMITTED
1984-06-01,1984-07-01,2VUUBT4HHM3NFFA22O5QJ37M,SUBMITTED
1984-07-01,1984-08-01,EX3HEKCXPQXETACAPEDUO3ZK,SUBMITTED
1984-08-01,1984-09-01,NVCQDD23VO5SCFJEMALYLPJD,SUBMITTED
1984-09-01,1984-10-01,HPLBEEBZ4SRLSBTU4OZCXG3P,SUBMITTED
1984-10-01,1984-11-01,BKQBCTNAAN74CTQGPVH42CIP,SUBMITTED
1984-11-01,1984-12-01,4OMI347JYY3YXIRDQF6JPVXA,SUBMITTED
1984-12-01,1985-01-01,HWQY7ADIJ25M2ZZMBJ2O7PC6,SUBMITTED
1985-01-01,1985-02-01,MBQBVKJAODP7U7QGU4ZHNBG5,SUBMITTED
1985-02-01,1985-03-01,ZYKIQYHGWAOK2CJ5FUBDDPIO,SUBMITTED
1985-03-01,1985-04-01,KF2FPR57L7ONL3Z7Q23HHHE2,SUBMITTED
1985-04-01,1985-05-01,ELP2EF56A2VIFZSW5NMOIQ56,SUBMITTED
1985-05-01,1985-06-01,JK5JIL7K4ITMVYB7DO3FM3HN,SUBMITTED
1985-06-01,1985-07-01,UKDWGYY4BR6XI34RFIJ5ZZRE,SUBMITTED
1985-07-01,1985-08-01,4TL3JICGHYMITH4LVWOKC77E,SUBMITTED
1985-08-01,1985-09-01,4JRZ73QV3OLOFMMJUJRDJIYR,SUBMITTED
1985-09-01,1985-10-01,WCIRRMZOXLAXOKS3NWXSCKMV,SUBMITTED
1985-10-01,1985-11-01,3ZQOCISKFUR3HUB4ATX4EJ6M,SUBMITTED
1985-11-01,1985-12-01,5DXBSGSMVZIYNFMGNFLBR5JS,SUBMITTED
1985-12-01,1986-01-01,SGYKPKZND4LEWIFAYZCJPILU,SUBMITTED
1986-01-01,1986-02-01,FQ22A4MUWHWEPNZK2RGXBWV5,SUBMITTED
1986-02-01,1986-03-01,4RBN3G3NIJSNEEX4VQEECMMS,SUBMITTED
1986-03-01,1986-04-01,NOTZQNVHFLNJIE5QDHVZ6EEB,SUBMITTED
1986-04-01,1986-05-01,CQ5LT3LUYORE4I7SJTEHD4EX,SUBMITTED
1986-05-01,1986-06-01,RPBIJVEQAJUVD4OC4OY4Z6GO,SUBMITTED
1986-06-01,1986-07-01,UIKIRZRD2DRNNAGA2VGUZATT,SUBMITTED
1986-07-01,1986-08-01,G2VS5PVO4GV4IQVDFB4ZII25,SUBMITTED
1986-08-01,1986-09-01,YJ3Q7TX3FCALAYIMHOTNY5WV,SUBMITTED
1986-09-01,1986-10-01,LZONKWE3KWD4BDAB42WCH62A,SUBMITTED
1986-10-01,1986-11-01,W4YMTGVIIQ6ICY4SSNR7YBJV,SUBMITTED
1986-11-01,1986-12-01,GY3LUMAETGMYD64ZEBA7EJO7,SUBMITTED
1986-12-01,1987-01-01,NYN3YONTOJYEO5LBTGCMFA6E,SUBMITTED
1987-01-01,1987-02-01,G53HMBKRRLXT3I2O2K32DRKO,SUBMITTED
1987-02-01,1987-03-01,UEVINYRHMQ26L2KETIHBBAES,SUBMITTED
1987-03-01,1987-04-01,SQRQMDT5KSVVDWZURQ3RSCGX,SUBMITTED
1987-04-01,1987-05-01,6JI453LWMOYKIIAFDG2B2VEJ,SUBMITTED
1987-05-01,1987-06-01,C2LRU6L7DQH5U4YLXOC7U7TY,SUBMITTED
1987-06-01,1987-07-01,B66Z3SKMDHP5RW4JWIME2PUV,SUBMITTED
1987-07-01,1987-08-01,3PVYF4RBJF6O7JOHEJZTTF35,SUBMITTED
1987-08-01,1987-09-01,XQSJHWV42U3XIFMDUB5D3SQL,SUBMITTED
1987-09-01,1987-10-01,DZT6V4UXSFDVYAKET4VH3EBP,SUBMITTED
1987-10-01,1987-11-01,QBTOG6WDCYGI4FLFY7L7MRQ5,SUBMITTED
1987-11-01,1987-12-01,GNCIINSHCFX5IMRBSNZQUNYS,SUBMITTED
1987-12-01,1988-01-01,CVHEV4AU4VW6HPTLABLS4576,SUBMITTED
1988-01-01,1988-02-01,6TSJMU47S2B7ONGWZWSURTEM,SUBMITTED
1988-02-01,1988-03-01,T2JUUCGSVROFOGWVBHTFRIYW,SUBMITTED
1988-03-01,1988-04-01,YGPDPVTH2QIML7PDMM6V3XZZ,SUBMITTED
1988-04-01,1988-05-01,4ROIGZS4PADYTHBHR63WUC6V,SUBMITTED
1988-05-01,1988-06-01,Z3C67PMAJGFQ5SCMBEJJNS3H,SUBMITTED
1988-06-01,1988-07-01,6D7UJ6OWUMMINKPBD7TC24DX,SUBMITTED
1988-07-01,1988-08-01,IZ7FHMZUJICMBXJL2Q3LUPQC,SUBMITTED
1988-08-01,1988-09-01,DJ7YJTH2G2PCY5ZDW224AHKB,SUBMITTED
1988-09-01,1988-10-01,OYP5FWNYDPCLYQZIXXAHWAEZ,SUBMITTED
1988-10-01,1988-11-01,Q5WKFA3UGK2K4AER65SLB2D3,SUBMITTED
1988-11-01,1988-12-01,7S77CUPHLMTFGG4NTE6NEW67,SUBMITTED
1988-12-01,1989-01-01,WEHXHEGLD62G2ASPWMRMGHG6,SUBMITTED
1989-01-01,1989-02-01,4VNJXQKDIQUMWEKUHB7DFBF2,SUBMITTED
1989-02-01,1989-03-01,HTYHPV2LWUACM24XRO2PACLW,SUBMITTED
1989-03-01,1989-04-01,3PZVNBPY4J3CMB2N5YPR4RMY,SUBMITTED
1989-04-01,1989-05-01,4RI3O6DBSXBWEZMBSQFA2VPK,SUBMITTED
1989-05-01,1989-06-01,2GI435GZVFM4O77UMRCNI7KZ,SUBMITTED
1989-06-01,1989-07-01,LPTNQKSRB7CGKAIAKZDGIWGL,SUBMITTED
1989-07-01,1989-08-01,7OYRMII7UDI5IB3ZC5AES5OF,SUBMITTED
1989-08-01,1989-09-01,5RE7GW2MUQIVUTWTOU7DTFDV,SUBMITTED
1989-09-01,1989-10-01,DMBXZTFKWSIAXUFJCEWLCX4A,SUBMITTED
1989-10-01,1989-11-01,7DWK3NPPYKM5M4CFRNRUC5EU,SUBMITTED
1989-11-01,1989-12-01,JAXUXPG7TEN7D2RYJVKEX2OI,SUBMITTED
1989-12-01,1990-01-01,RV5L4UKO5Z7PAIOUEVHFFKJC,SUBMITTED
1990-01-01,1990-02-01,GOKBZJHZV674525SQFH2DDH7,SUBMITTED
1990-02-01,1990-03-01,OJLYITEJ7CQBEPHN2AF66LCQ,SUBMITTED
1990-03-01,1990-04-01,SNB5VFMSBXBKIMZNHB35VPYQ,SUBMITTED
1990-04-01,1990-05-01,ICT2WSWWLYQ6DCIR76FM4PGR,SUBMITTED
1990-05-01,1990-06-01,KDL6ERZ7WGAUX6A7PLNRSYMA,SUBMITTED
1990-06-01,1990-07-01,SQSXVE6TIFDYCGIIOXL4CUWE,SUBMITTED
1990-07-01,1990-08-01,RRB6SAPC2IV73HKKKA3YNUTM,SUBMITTED
1990-08-01,1990-09-01,MFSMQ6FF7FP22CFAH734KNKV,SUBMITTED
1990-09-01,1990-10-01,MJN3SVJZ7DPHKEG4TKXX5GBI,SUBMITTED
1990-10-01,1990-11-01,PRDTLEEWMOCV4YMIDK4XE6PY,SUBMITTED
1990-11-01,1990-12-01,NLGN2HNCQ3HEL5JP5FBYDK57,SUBMITTED
1990-12-01,1991-01-01,V2MVSODJX3FCMAL5TPRZ54WY,SUBMITTED
1991-01-01,1991-02-01,Y72IVKDSVULD2KKIOYSPY5HR,SUBMITTED
1991-02-01,1991-03-01,BDLOKUV3ZUUEQTLILPJUCLJQ,SUBMITTED
1991-03-01,1991-04-01,SQ7YBFDPF4PDLBR5QPOW7SIO,SUBMITTED
1991-04-01,1991-05-01,NOFDWCB6DV2VXOXFYQJLXD6U,SUBMITTED
1991-05-01,1991-06-01,ZLDZ5HDNUCPCM4FJHPTPGTXI,SUBMITTED
1991-06-01,1991-07-01,ZMFCPXN2T2NY7YN2KA6IKCTC,SUBMITTED
1991-07-01,1991-08-01,CIBUY2PE6IGSGV4JATBXYH42,SUBMITTED
1991-08-01,1991-09-01,M632C455UQDDRAGV3V4N45DV,SUBMITTED
1991-09-01,1991-10-01,GUPC4JVXZFLR43OVA32X3T5L,SUBMITTED
1991-10-01,1991-11-01,DSO36MOCYUQGNASX5IBKQHW4,SUBMITTED
1991-11-01,1991-12-01,SMQW2AA7NQ6W5XRVVNXCIGOZ,SUBMITTED
1991-12-01,1992-01-01,6RJ3N3F4QTNNRWSNCQUMESDA,SUBMITTED
1992-01-01,1992-02-01,RWM4CRMWHEZHRLCHR6SCT3S7,SUBMITTED
1992-02-01,1992-03-01,ZL46UQF4YVFU47JMRIQZOCL6,SUBMITTED
1992-03-01,1992-04-01,PMOI3DSZPGY5555IRUUWVI2D,SUBMITTED
1992-04-01,1992-05-01,HZHJ356EDY4MI72XLQNNMSEZ,SUBMITTED
1992-05-01,1992-06-01,PWOQJRKMBMYZAL2XCGTTHSM2,SUBMITTED
1992-06-01,1992-07-01,TLIV3IAHNMFVP7JJ327LPBO6,SUBMITTED
1992-07-01,1992-08-01,56SKM6Q4WR54DUDVHWUKWMML,SUBMITTED
1992-08-01,1992-09-01,CRUI2ZJ3DPPPIUE3DDFQK6Q7,SUBMITTED
1992-09-01,1992-10-01,I2NDS2OMRJUNHE4Q6CR52PEN,SUBMITTED
1992-10-01,1992-11-01,KAVMO3G3JFEAK3HTARO42LPY,SUBMITTED
1992-11-01,1992-12-01,VURHZAAEEEM5MHFTRLIBHCGC,SUBMITTED
1992-12-01,1993-01-01,BOOYM4EZZUKH5VUENRDLFOSL,SUBMITTED
1993-01-01,1993-02-01,BXAXLBF6W6543GK2Z4FPJGZV,SUBMITTED
1993-02-01,1993-03-01,42XWAURIWS4CF6IGYFIMZOQX,SUBMITTED
1993-03-01,1993-04-01,C3E5KNXXJGZ7244RQIRLF4VR,SUBMITTED
1993-04-01,1993-05-01,2F2MSIPRN53T5L5Y7JF6LTRP,SUBMITTED
1993-05-01,1993-06-01,ZNLB3SKWD7PBY2PBC4AYIABQ,SUBMITTED
1993-06-01,1993-07-01,FLDEX3GVNP5YHXWJBLTKGPA3,SUBMITTED
1993-07-01,1993-08-01,L44VGCHUU7YOUDRFL53QVBUB,SUBMITTED
1993-08-01,1993-09-01,5SDAAITZGAUUKQ46B36OAYPM,SUBMITTED
1993-09-01,1993-10-01,ZPMVNPNOY552YXGPZKIMJJIE,SUBMITTED
1993-10-01,1993-11-01,RVF3RXT6EP6JOE554G24WVOO,SUBMITTED
1993-11-01,1993-12-01,4OEDKMSE3Y2NCG7W7GGLWJCB,SUBMITTED
1993-12-01,1994-01-01,EASI4IP7JUE2LPN64MQRPCA7,SUBMITTED
1994-01-01,1994-02-01,TCZ6NELXTQTO4AL4L35ZTNRD,SUBMITTED
1994-02-01,1994-03-01,JGXLXDFZOYG24FM67ECKFL3W,SUBMITTED
1994-03-01,1994-04-01,KWHKP3PLW7TORZ3W36ITAE4I,SUBMITTED
1994-04-01,1994-05-01,7UP3ECJCBPHAHNWFVMDQE4OZ,SUBMITTED
1994-05-01,1994-06-01,BMNAY4TFKOWG6O5L47NJF4ZG,SUBMITTED
1994-06-01,1994-07-01,34A5PKFHYPPHXRF4HT33EA6Z,SUBMITTED
1994-07-01,1994-08-01,LFIHJ5OONAT7ELKJYBEZMTUD,SUBMITTED
1994-08-01,1994-09-01,2SIAXUDYBU26KXJXKTH73YHY,SUBMITTED
1994-09-01,1994-10-01,Z65BENPLQA2CQDAMPJTTDX53,SUBMITTED
1994-10-01,1994-11-01,LCYWDMLT7EO2HIAET7F6VQW5,SUBMITTED
1994-11-01,1994-12-01,S7ATCW3EVYAIB5MS7T2GUENI,SUBMITTED
1994-12-01,1995-01-01,76LXAHKY2WZNPMJQ7GGYGLJW,SUBMITTED
1995-01-01,1995-02-01,MYOZKCQ3DVTOUPR6OG5YR7F2,SUBMITTED
1995-02-01,1995-03-01,MFJWBHWDRC3L5VCNJ6Z4SP3N,SUBMITTED
1995-03-01,1995-04-01,256DG2T56A4JPTW3W6B2OSJ2,SUBMITTED
1995-04-01,1995-05-01,H3SK7VYSYULAXYT2HWSMKAJO,SUBMITTED
1995-05-01,1995-06-01,FOX5Z47ZTTXUHUR5F75KXSGU,SUBMITTED
1995-06-01,1995-07-01,GWZ3VAEHC4XIIENSS6534X4A,SUBMITTED
1995-07-01,1995-08-01,PPSQ7RQMRLBKWM7RZGGBMJCK,SUBMITTED
1995-08-01,1995-09-01,4L3ULRS4ZTXZL5B46WJSFZFN,SUBMITTED
1995-09-01,1995-10-01,4WDVN42FCXD3PXBOELPG62RG,SUBMITTED
1995-10-01,1995-11-01,VSEHD2C7CCWN5JS5E7YEEO7N,SUBMITTED
1995-11-01,1995-12-01,SHSH4GVJH4IJ6HN4OCBTPWEH,SUBMITTED
1995-12-01,1996-01-01,NJRVMIUHLAYO5LVIOKUWGWD7,SUBMITTED
1996-01-01,1996-02-01,CTK6LYBSYUOEUH5BHOMLNNXM,SUBMITTED
1996-02-01,1996-03-01,ISKXD6BRBVKGUIE4NEMJDEAC,SUBMITTED
1996-03-01,1996-04-01,777RIECC4E5M5PHLLKYR6YHT,SUBMITTED
1996-04-01,1996-05-01,CTQJI2YOSEENJGDBAUV5UZQN,SUBMITTED
1996-05-01,1996-06-01,AUR4KT6X4Z3XL5CDNPAZPCB6,SUBMITTED
1996-06-01,1996-07-01,FRDAGRU5P5PCAOTWJS3IWYVX,SUBMITTED
1996-07-01,1996-08-01,YAW5I3PMSA3I32AHFV5KUFJQ,SUBMITTED
1996-08-01,1996-09-01,HRUQA6UR4CVDKFHDMTA6JXHS,SUBMITTED
1996-09-01,1996-10-01,4EEJDXBQIYT44HPV3PJQUEV4,SUBMITTED
1996-10-01,1996-11-01,6UUPFHP5ULSO6P2D3452TCRH,SUBMITTED
1996-11-01,1996-12-01,QMX7B6ZLYUMLZNVCFZ5WUMQL,SUBMITTED
1996-12-01,1997-01-01,P42QEDLTKDBYDZHAGOM4ASCJ,SUBMITTED
1997-01-01,1997-02-01,LMDGLHBSYIBW7JJO74XL6FYW,SUBMITTED
1997-02-01,1997-03-01,2VG54OUI76QJYQIPEQCS5LVM,SUBMITTED
1997-03-01,1997-04-01,VXT44RHBZMEO6Y2PR2RYTZYT,SUBMITTED
1997-04-01,1997-05-01,UHB725BYJZDIO7TUVR3ISQGU,SUBMITTED
1997-05-01,1997-06-01,CS4BK7BLY4FUJZ2EN7TSYSED,SUBMITTED
1997-06-01,1997-07-01,AGMPNPJUVWIYNNGXWBWVWMT4,SUBMITTED
1997-07-01,1997-08-01,YBQSRWZKLNQ4XHVWLWASRGPN,SUBMITTED
1997-08-01,1997-09-01,6ANIW5MPPPEKPFHCYGPQZPKX,SUBMITTED
1997-09-01,1997-10-01,ZRFXURCNUC5YPL6TX3EM74CF,SUBMITTED
1997-10-01,1997-11-01,2XKCWELPCXNXO4PV5CO323LV,SUBMITTED
1997-11-01,1997-12-01,3VNKNQOIXGECA7GVLX4IKK5J,SUBMITTED
1997-12-01,1998-01-01,JCJIW4L6DNAITS4NZBLWDUPF,SUBMITTED
1998-01-01,1998-02-01,YOYNZENBWEXZPRFTLFQJGMVU,SUBMITTED
1998-02-01,1998-03-01,NNLA7OYM2KFU3HVROWSTI5FP,SUBMITTED
1998-03-01,1998-04-01,NPXSFBKXKC4YR6TBYTFLWPVX,SUBMITTED
1998-04-01,1998-05-01,BD35PV3AE3JXPA7IE77IKUBO,SUBMITTED
1998-05-01,1998-06-01,PKCKMKLB4FV6XNNVJ4FDLQQ7,SUBMITTED
1998-06-01,1998-07-01,BMDSWWNZJC6Q4V5A5XIMX4PJ,SUBMITTED
1998-07-01,1998-08-01,HOKABYKX7CCEYDZRBD35UM5P,SUBMITTED
1998-08-01,1998-09-01,AWZE57YQYSPLFBPJOCIPSRUF,SUBMITTED
1998-09-01,1998-10-01,OWUMMB327ZPZI3OXRMFU3OAC,SUBMITTED
1998-10-01,1998-11-01,FJILXSOKBCRZQSONT65VMNGU,SUBMITTED
1998-11-01,1998-12-01,6YISLXKZ37OKSE7S5XSTLWA3,SUBMITTED
1998-12-01,1999-01-01,CFPUAAOHRFSQIGU3ANEPE7MQ,SUBMITTED
1999-01-01,1999-02-01,OCC4XTWW7TCV66W7WDUWTWNU,SUBMITTED
1999-02-01,1999-03-01,U25C4OE2626ZVHXHLHCKCU5I,SUBMITTED
1999-03-01,1999-04-01,UZA5LMKKXSSCURPEUGTK3UC5,SUBMITTED
1999-04-01,1999-05-01,7Z7R3XD7CH4U3JQC2KDOHTBV,SUBMITTED
1999-05-01,1999-06-01,B2VZKUW64WH3EDOTMLAQBERG,SUBMITTED
1999-06-01,1999-07-01,PKHPXRXNNQ6NSZSNLQKY3NW2,SUBMITTED
1999-07-01,1999-08-01,YHSLLFULH44TFDORUJ4BSLSV,SUBMITTED
1999-08-01,1999-09-01,VRHGZX7PUQZ4Z6CNA2ADVE74,SUBMITTED
1999-09-01,1999-10-01,AK3SRU5I24I5HNJMCJUXTKIN,SUBMITTED
1999-10-01,1999-11-01,7P5SVX37CYQZ3B6GPTYMHULT,SUBMITTED
1999-11-01,1999-12-01,ZHGBNS5FV46NOQKMANMTDGFS,SUBMITTED
1999-12-01,2000-01-01,I7KERFGE2GF7MMGOVBNZ2NNF,SUBMITTED
2000-01-01,2000-02-01,YHTNP75WPJZNAFV4E3G32WW3,SUBMITTED
2000-02-01,2000-03-01,HR6R4OEQLI6P7LSGKEBJDE6N,SUBMITTED
2000-03-01,2000-04-01,PJUEV3LG3AKNWLX4TKPX6Z7I,SUBMITTED
2000-04-01,2000-05-01,EI6S7W2D3QD5NEFZMYQECQ54,SUBMITTED
2000-05-01,2000-06-01,5W5GMFWABGNRSC5CL4EOSOVX,SUBMITTED
2000-06-01,2000-07-01,VKONFKWAAMJK5RP4PEGDHHRA,SUBMITTED
2000-07-01,2000-08-01,LTS5ZU2T5GNPVL444BG5OBBM,SUBMITTED
2000-08-01,2000-09-01,C3FLT3K2CWH6LDGGR4VBXSRW,SUBMITTED
2000-09-01,2000-10-01,KHNUMG6E5EYALTA4OQFHCY5H,SUBMITTED
2000-10-01,2000-11-01,LTZBIZ76WQP3LHJCLECAAAFQ,SUBMITTED
2000-11-01,2000-12-01,62X7APPVRTQJ3IR2NPRS2YR4,SUBMITTED
2000-12-01,2001-01-01,PN7S5VZ5M2ILBAF3D6WQRDWX,SUBMITTED
2001-01-01,2001-02-01,2MNFBYDUXA3V4VR5IOLODPU7,SUBMITTED
2001-02-01,2001-03-01,TRABEOBXBGIDFQS2R22ZBVPD,SUBMITTED
2001-03-01,2001-04-01,U53C3T7TSAVT6YZEWHDFSTSX,SUBMITTED
2001-04-01,2001-05-01,VJ3LS62O7OLD4KRDKHW3I2S7,SUBMITTED
2001-05-01,2001-06-01,D66PGXDB64GAT4FSBBN3MWZR,SUBMITTED
2001-06-01,2001-07-01,YFO5HXQXZRJIJW77I32CSD7D,SUBMITTED
2001-07-01,2001-08-01,7D4YAZ63BYAAK23VR7ZGCH75,SUBMITTED
2001-08-01,2001-09-01,JMHL2BVAXLEMRZZT4NWLO4DT,SUBMITTED
2001-09-01,2001-10-01,R2PNHFFAZMGLNLD6P46EB4XW,SUBMITTED
2001-10-01,2001-11-01,IREA3CTRMAK7UVVU4ACY4PAH,SUBMITTED
2001-11-01,2001-12-01,SNPUMLLVLVFSCI6ZEDZHEQ7Z,SUBMITTED
2001-12-01,2002-01-01,ZY6NEY67NZHIOFMSXPZOFEB7,SUBMITTED
2002-01-01,2002-02-01,PU45QTE4ZPPVCXLNT2GQZVHT,SUBMITTED
2002-02-01,2002-03-01,V3UDHKN34GNZBDXLTS7IX2RX,SUBMITTED
2002-03-01,2002-04-01,O7O3CPAVSG2ETZHVWF37EMGT,SUBMITTED
2002-04-01,2002-05-01,XLCZV5PKHGL3XUJB3YVOR3ZH,SUBMITTED
2002-05-01,2002-06-01,O5LJDFLAE5TGU65PP6XV4S73,SUBMITTED
2002-06-01,2002-07-01,X4UATF4PA45ITY4CYQ6COXRX,SUBMITTED
2002-07-01,2002-08-01,IT4LQY5AOYEFHDMGKTRJJLMX,SUBMITTED
2002-08-01,2002-09-01,PRANBS3A6XCJXELCRBMP6BVP,SUBMITTED
2002-09-01,2002-10-01,QFNM4EZIBOI6UOQODXFPJSYO,SUBMITTED
2002-10-01,2002-11-01,2DOJU55SPKEIV25LBLVQJOGJ,SUBMITTED
2002-11-01,2002-12-01,DPT7TRQ5STFCA2QFGRQ7WSO4,SUBMITTED
2002-12-01,2003-01-01,EIEUYNIIQSKQ2UWFUPMHMS6F,SUBMITTED
2003-01-01,2003-02-01,3D6VG7YMR7JG2RYAT7AXDGAQ,SUBMITTED
2003-02-01,2003-03-01,XKXCGN3G6M6CEIZB473YCA6C,SUBMITTED
2003-03-01,2003-04-01,SRJPZZ6W3ICDY5WBBD5Z27HN,SUBMITTED
2003-04-01,2003-05-01,XBZ77NX6IVHPF4R6QCLTHCHP,SUBMITTED
2003-05-01,2003-06-01,F4TFPU5SYJWJUWHLVI5MTYHK,SUBMITTED
2003-06-01,2003-07-01,DJCSNO3R6JSJM7D5D3CG3RJ6,SUBMITTED
2003-07-01,2003-08-01,EMZ5KLRKAPUACRXVJTGAO2CH,SUBMITTED
2003-08-01,2003-09-01,SQWE2PFNHIKAZY7GH7CK4X3W,SUBMITTED
2003-09-01,2003-10-01,4UWCODJQGKKSDD5A4NKRHCYV,SUBMITTED
2003-10-01,2003-11-01,7M4MMCZNIWFSMLO5IKRVEMEE,SUBMITTED
2003-11-01,2003-12-01,F6JBPRAQ72IADFKZ6Y6BVEGA,SUBMITTED
2003-12-01,2004-01-01,JHAUFCZMSZW332DDCJYVTED4,SUBMITTED
2004-01-01,2004-02-01,RW7FPCJDB3SKZ3GDVSG4Q2NP,SUBMITTED
2004-02-01,2004-03-01,PDVM5MFRZISBBJISBOGW7LIQ,SUBMITTED
2004-03-01,2004-04-01,VKFKHKDRJND6Q6DVG6R3C6J2,SUBMITTED
2004-04-01,2004-05-01,LL6NPQJ3YKB5ST7P2QORHNK2,SUBMITTED
2004-05-01,2004-06-01,27VP3OS6JEYWIYIM3DQDB7O5,SUBMITTED
2004-06-01,2004-07-01,CXEX37YMQGO7OO23Z3PAJNIS,SUBMITTED
2004-07-01,2004-08-01,RTL3I65R3D6ZUIFSTJPSSY57,SUBMITTED
2004-08-01,2004-09-01,GQ6AUCUFZBKAULYEIRDA4MVE,SUBMITTED
2004-09-01,2004-10-01,B6TWNP3MNRB6KQNTKLAIP7SB,SUBMITTED
2004-10-01,2004-11-01,H5OSGEWUOOUBSMKQ72KASIU3,SUBMITTED
2004-11-01,2004-12-01,DNY2ZYPP6NYKBIPW5YDMZ4JT,SUBMITTED
2004-12-01,2005-01-01,2VHAL5G47L6P43LLN2WNTIXV,SUBMITTED
2005-01-01,2005-02-01,MQXSYC7HO7PGNJUYGGP765YF,SUBMITTED
2005-02-01,2005-03-01,BPGC7TEOYDZME3AHJDZHY4VH,SUBMITTED
2005-03-01,2005-04-01,CX6IVZPYTQKIBJFFQQEEI4JQ,SUBMITTED
2005-04-01,2005-05-01,CK7QEARSPNSXNR2LSGXVBXRJ,SUBMITTED
2005-05-01,2005-06-01,4BJ6C7GOINVZ5MXQ7UE54BJQ,SUBMITTED
2005-06-01,2005-07-01,HFPKX7DYATETSDFFERVQAXJZ,SUBMITTED
2005-07-01,2005-08-01,WPPOQEYHEUMREDITRMRNSOT3,SUBMITTED
2005-08-01,2005-09-01,7CDUGEVYHKUGU3KKI6C5N4M5,SUBMITTED
2005-09-01,2005-10-01,BD4TKP4ZGU3NSUAKSNPM7Z34,SUBMITTED
2005-10-01,2005-11-01,5LMU45RO7N376L7BFEVJPIFV,SUBMITTED
2005-11-01,2005-12-01,QPWRM6TBNMNE4GAKQEPSR7Z7,SUBMITTED
2005-12-01,2006-01-01,XRPLP62LY35X62GNDCUBB64H,SUBMITTED
2006-01-01,2006-02-01,G7TW6PZKN5OTR6IT6M73V6K2,SUBMITTED
2006-02-01,2006-03-01,GSDAOE35T3TZ7X4LAUVRAKVK,SUBMITTED
2006-03-01,2006-04-01,E4SNZDHRPVINN5ULO6JFPXJX,SUBMITTED
2006-04-01,2006-05-01,SCT2J3DLMQIMX447YIX2GLWB,SUBMITTED
2006-05-01,2006-06-01,JQWNMKTKHNEDQIY4IBMFXRVK,SUBMITTED
2006-06-01,2006-07-01,SFRKMVXNNHT6D3G3GLA3WNR2,SUBMITTED
2006-07-01,2006-08-01,C32KBOJ5NLDA627LISMFVKG6,SUBMITTED
2006-08-01,2006-09-01,7NJDWVNCXNIE7ANDC5K5OHQE,SUBMITTED
2006-09-01,2006-10-01,YCVY4DTUPHJW537CO7CZHDOR,SUBMITTED
2006-10-01,2006-11-01,ZZXJ2GPKJMFZRA6SDHD2YFSP,SUBMITTED
2006-11-01,2006-12-01,ONTWN2F4SNQYXIUN4EBIQBKC,SUBMITTED
2006-12-01,2007-01-01,RTPEDM6ZUCBJW2JBHCVPQD6R,SUBMITTED
2007-01-01,2007-02-01,KWEF54WK6GETEDRBCJO2O2DC,SUBMITTED
2007-02-01,2007-03-01,DGVGGWVH4EPY4OUOQUWGIWPM,SUBMITTED
2007-03-01,2007-04-01,LJTUHAW2HZETLRM6EDGNF3EM,SUBMITTED
2007-04-01,2007-05-01,QQZBJKBAZWSP5XJWWDF4YOJT,SUBMITTED
2007-05-01,2007-06-01,N4ZIS3U26JCTAFNIMW73HRJE,SUBMITTED
2007-06-01,2007-07-01,NLAWNFBXHNZXLUVI24RWFF3R,SUBMITTED
2007-07-01,2007-08-01,ZAI5EJQOPLL4JIT7XD7LDYAV,SUBMITTED
2007-08-01,2007-09-01,QVUQF7LSR43KGETK4C7NQMJQ,SUBMITTED
2007-09-01,2007-10-01,7PJZB6LIUX64ZDTCCOU3OPKX,SUBMITTED
2007-10-01,2007-11-01,66IGN5LPK2E2G4DZ76X3DGL6,SUBMITTED
2007-11-01,2007-12-01,BV2LW6WDEV2SJRJ6EEYCBCO5,SUBMITTED
2007-12-01,2008-01-01,2TE2EZSGFGCCGVDLL4PIAX3S,SUBMITTED
2008-01-01,2008-02-01,A6AP7QNYZ63LPDNPKLXOMPME,SUBMITTED
2008-02-01,2008-03-01,DWAB2YOBFPPQKHLZR52DJDIC,SUBMITTED
2008-03-01,2008-04-01,L2PIGVRPO62KOM7EYUUEQ4GL,SUBMITTED
2008-04-01,2008-05-01,Z7RRIPYELAKQQA4UP6ZHJW3M,SUBMITTED
2008-05-01,2008-06-01,FK6TJ5KDC2HOMMZITKAXRCCX,SUBMITTED
2008-06-01,2008-07-01,RY4YA7M3DWNKISR7NMCVHRW3,SUBMITTED
2008-07-01,2008-08-01,O7GYAD4RB2RGHHHZ27FKVOAN,SUBMITTED
2008-08-01,2008-09-01,4TYRBGGQL6VXUTVBEMODBDTU,SUBMITTED
2008-09-01,2008-10-01,LA3ISIM2ABDF2DY2HPWLMSYL,SUBMITTED
2008-10-01,2008-11-01,HEYXCMJTIS4NXVRVYLF7ZPYE,SUBMITTED
2008-11-01,2008-12-01,JJ74XFWAEQLHQHVWVVXMFN5M,SUBMITTED
2008-12-01,2009-01-01,OFPI36WCKK5FLD3QLCDUWFUR,SUBMITTED
2009-01-01,2009-02-01,IY4LDTAFB7DZAW7GUDDJBWUB,SUBMITTED
2009-02-01,2009-03-01,XCHHENGRXEBXIQD4U2GDOEZL,SUBMITTED
2009-03-01,2009-04-01,ALL6INVMQ3ROMRFXVQDWC5OQ,SUBMITTED
2009-04-01,2009-05-01,PMYGZFFVH7XQI6NJIRCVQXGO,SUBMITTED
2009-05-01,2009-06-01,ELUHRNPOTJG4ROARDHWH2GCR,SUBMITTED
2009-06-01,2009-07-01,WBXAAYDNGLRU5UQTBGTADU3N,SUBMITTED
2009-07-01,2009-08-01,GF5CJW7VQQ7BJFGWE5CQC274,SUBMITTED
2009-08-01,2009-09-01,V4YBHE7FDND4DWTY65WAQ7AC,SUBMITTED
2009-09-01,2009-10-01,RVDIBNEGWX7HNVEIEPZ5N7YQ,SUBMITTED
2009-10-01,2009-11-01,65TD476NJWP6NNERU6MUX4JV,SUBMITTED
2009-11-01,2009-12-01,4VVNDRNKDKYCOVHGXKSNYMXW,SUBMITTED
2009-12-01,2010-01-01,GNYID3BNFS3IET4YLVQURXRG,SUBMITTED
2010-01-01,2010-02-01,FQVYDLXGYXFCA3A2LMBRD5ZC,SUBMITTED
2010-02-01,2010-03-01,3NOKXRUC4UJ4HTTLRDJST445,SUBMITTED
2010-03-01,2010-04-01,JNZTIEOW7BGLOTHJNGWPVOB4,SUBMITTED
2010-04-01,2010-05-01,LXQU4V34ZAIBSXMRKVV5NNPN,SUBMITTED
2010-05-01,2010-06-01,TZ7ZOCZF6YVSRU3C3B62FNVM,SUBMITTED
2010-06-01,2010-07-01,OMYBQ47MNQIKR7KCQJJOWDF7,SUBMITTED
2010-07-01,2010-08-01,P7GTNKSFYV753POJ43VKMF3C,SUBMITTED
2010-08-01,2010-09-01,XCPNSH67BFDKUZOZO4FHEVE7,SUBMITTED
2010-09-01,2010-10-01,OT4SBLFDJP2UGHVR3JWIG42D,SUBMITTED
2010-10-01,2010-11-01,RQQI7MTVMMAWNU5NOUEHGVOG,SUBMITTED
2010-11-01,2010-12-01,F6ODR4VNFKB2NQ4P6XAUKZAD,SUBMITTED
2010-12-01,2011-01-01,MQJNJ4Z73B5YTBFC5GEWMFEN,SUBMITTED
2011-01-01,2011-02-01,KYK6TKOAD7CT7QT23JEWCDMQ,SUBMITTED
2011-02-01,2011-03-01,JOAPCMF2FW7ZZR4BNNOBL6HA,SUBMITTED
2011-03-01,2011-04-01,UGJS3QA6ZPLIXG3KCJFV6VLP,SUBMITTED
2011-04-01,2011-05-01,2QZU2BVZXRMRGJXUO37JXORJ,SUBMITTED
2011-05-01,2011-06-01,4HDISZ47OKB2V3ZX7JKO7QPE,SUBMITTED
2011-06-01,2011-07-01,H2VTO3TWPDDRXJBKIS6UZ2FB,SUBMITTED
2011-07-01,2011-08-01,M36JNHMJKSQMAV5VGV6R4ZTD,SUBMITTED
2011-08-01,2011-09-01,BUN6X63N7AGGFMHQR2IEP2JS,SUBMITTED
2011-09-01,2011-10-01,RJRHMZ5XEMZ2DMQPRQY3MLOR,SUBMITTED
2011-10-01,2011-11-01,TPQIS5EUY7CFIB3ZRYRC7S53,SUBMITTED
2011-11-01,2011-12-01,TB63CIO6JAGYTFMQWSATQEHE,SUBMITTED
2011-12-01,2012-01-01,AAXLJKXSNIQY764JRCUDKL2R,SUBMITTED
2012-01-01,2012-02-01,QQY72WTAMMENY5WXRX3XQSTT,SUBMITTED
2012-02-01,2012-03-01,52T4NVMDQZC2G6YJ5WJIDUWJ,SUBMITTED
2012-03-01,2012-04-01,7QPAQRCIZBHESMY62DPH5PIP,SUBMITTED
2012-04-01,2012-05-01,LY6O5FA3Q5HOJYIFTCMBZHLY,SUBMITTED
2012-05-01,2012-06-01,GMKO5JPEW3JU3ISEVHPS2PHO,SUBMITTED
2012-06-01,2012-07-01,5NZO2MPKAYTMUMIXSGBOCOQR,SUBMITTED
2012-07-01,2012-08-01,Y3Y2XDYM2DMCYRGOSTNXWXFV,SUBMITTED
2012-08-01,2012-09-01,RLO2C7ENLROAHT6KUSZCLLXV,SUBMITTED
2012-09-01,2012-10-01,I46YI7SBRQEM67A6WSAA4VST,SUBMITTED
2012-10-01,2012-11-01,BRJXTLEDTVB2LTMGVIPKBHJE,SUBMITTED
2012-11-01,2012-12-01,NYRVWLCEQVKXDOTQUYT7RDKW,SUBMITTED
2012-12-01,2013-01-01,6ZHMQJ35SQJ6LHBFNCVF52XD,SUBMITTED
2013-01-01,2013-02-01,RIXTI7SAHKOXJ3WS6XAGEYZP,SUBMITTED
2013-02-01,2013-03-01,6VYP5HKKBSU3CP2R4O6QAPNY,SUBMITTED
2013-03-01,2013-04-01,WM72JTIMOV6XE3NFPRJ67JIF,SUBMITTED
2013-04-01,2013-05-01,S6STBHG4LGC7TAF3X2TF4K6I,SUBMITTED
2013-05-01,2013-06-01,ISGQTVUVIVNPES2S4XAOL323,SUBMITTED
2013-06-01,2013-07-01,CLURLVFZCE6NVPSCZ6DGY36T,SUBMITTED
2013-07-01,2013-08-01,B7ZT7LNFFC3ETSK4BGXHZUXF,SUBMITTED
2013-08-01,2013-09-01,S7D2QEM2HWEYDBKDVPY432I2,SUBMITTED
2013-09-01,2013-10-01,FWZ7TPQVQ5JFU6KZDZDPWQPQ,SUBMITTED
2013-10-01,2013-11-01,KCJDE6RJR2UGFKLN7N2KVWR5,SUBMITTED
2013-11-01,2013-12-01,BV5J7HUTT6ACGULQBQXDCC5M,SUBMITTED
2013-12-01,2014-01-01,S6DHQW6H27LBJ6WDKROGBMFU,SUBMITTED
2014-01-01,2014-02-01,KWNC3RPSMKFKDDVFDRCEGR47,SUBMITTED
2014-02-01,2014-03-01,XRKEWK23JFUXBF27KXHZIVVY,SUBMITTED
2014-03-01,2014-04-01,62BGKT4FOIKP4A4YAGVDQKBW,SUBMITTED
2014-04-01,2014-05-01,7BLZ3UWU7O2AFHD2NGF7J6KK,SUBMITTED
2014-05-01,2014-06-01,VSZVP3C57M4GKVBT6GN2GTIF,SUBMITTED
2014-06-01,2014-07-01,DQ6VFZAZCKJZIFZ5JT262A5F,SUBMITTED
2014-07-01,2014-08-01,H6AUEN3BERDENG4JWEKJB42W,SUBMITTED
2014-08-01,2014-09-01,4M76EQ3DTVTXQU4NOTIBARA2,SUBMITTED
2014-09-01,2014-10-01,V3WPUXEH2WONVZEKU7VBCBMY,SUBMITTED
2014-10-01,2014-11-01,LV2PAOLIXUXBGLQYPNRW27JM,SUBMITTED
2014-11-01,2014-12-01,JCR7TZSIYJ6BXRDQAZENN2RI,SUBMITTED
2014-12-01,2015-01-01,BGUXETWADA4PYIBFYDL652LV,SUBMITTED
2015-01-01,2015-02-01,ZXU65XMAY5CWIBVKK4RZMGDC,SUBMITTED
2015-02-01,2015-03-01,W7TI2XTNLXP3TEGKINS4AGLT,SUBMITTED
2015-03-01,2015-04-01,G5D2S74SX4XSWL5IQ3J55KTA,SUBMITTED
2015-04-01,2015-05-01,7L4MKJWLP5R36AQSC4UK2YMU,SUBMITTED
2015-05-01,2015-06-01,AIUQAOMWWTON7V7FYGHCNV5R,SUBMITTED
2015-06-01,2015-07-01,3MLQY2MVGRZJ5KUIICZ7YQ2Z,SUBMITTED
2015-07-01,2015-08-01,3T2BLOF5BDXLXTQELFF3AFJP,SUBMITTED
2015-08-01,2015-09-01,YT3553B645KMB4KEEV5EEPIZ,SUBMITTED
2015-09-01,2015-10-01,RM2FUXGEG6APIN75YX6PU75P,SUBMITTED
2015-10-01,2015-11-01,3UWZROM2SEIHCT53F3DSCD4L,SUBMITTED
2015-11-01,2015-12-01,TG4KLESFCFNXHZCO6YRAMVWP,SUBMITTED
2015-12-01,2016-01-01,M5IT5QWY52DSUXHRVLR43AMJ,SUBMITTED
2016-01-01,2016-02-01,E2VURZZH5GQN5JXOOABCN2MR,SUBMITTED
2016-02-01,2016-03-01,3O33VJH2DA3A6ATDIO45JIXM,SUBMITTED
2016-03-01,2016-04-01,B2ZYRYNAVONZ3YTYAH32HZLC,SUBMITTED
2016-04-01,2016-05-01,TJANLNTNXACAM325UB7K5MDQ,SUBMITTED
2016-05-01,2016-06-01,CWMAFDNIP4CX3O7PX6FV72UZ,SUBMITTED
2016-06-01,2016-07-01,B7A7MBVEGSEGCWAGXVGVBFLA,SUBMITTED
2016-07-01,2016-08-01,KJIQMYKIXFPPCVSGYXRI3GFP,SUBMITTED
2016-08-01,2016-09-01,EF2KYCXUM2LCBIBNIELJ6P2D,SUBMITTED
2016-09-01,2016-10-01,AVXUI6OGWOD6TOVC4LS7YHPH,SUBMITTED
2016-10-01,2016-11-01,TX3IZFEKECTSZGCFOF4EVHXR,SUBMITTED
2016-11-01,2016-12-01,AMGTLNE522RCSAFF7FEKISLO,SUBMITTED
2016-12-01,2017-01-01,VRV5E7WG5KS4HNWJR63MBDWZ,SUBMITTED
2017-01-01,2017-02-01,EGR7ZGSDUPVJRX3SVFCLRQTI,SUBMITTED
2017-02-01,2017-03-01,FA2HOUF5OGWLZR2UHQ6XWKOK,SUBMITTED
2017-03-01,2017-04-01,TTFQ6QFIYMG2M3C3JKLKNIER,SUBMITTED
2017-04-01,2017-05-01,WNXB5COGSS4SGDVNKXB5WUZ6,SUBMITTED
2017-05-01,2017-06-01,ZVTGMM5DAG7PMA2ZHZBUVC6H,SUBMITTED
2017-06-01,2017-07-01,UHMFSSTOSM3IPXXYWHRXUYES,SUBMITTED
2017-07-01,2017-08-01,NKGEF2EFE4WP4LGFPRRNV32A,SUBMITTED
2017-08-01,2017-09-01,L7R2XRDBPFTQNBA5UFKLCPVN,SUBMITTED
2017-09-01,2017-10-01,DFEHVXLNZXCGWHKVU2ALUHCV,SUBMITTED
2017-10-01,2017-11-01,VFW27PHLGJXHZ6INSEHGEEPN,SUBMITTED
2017-11-01,2017-12-01,42Z2WOVBYLF757ZDBYGFLK53,SUBMITTED
2017-12-01,2018-01-01,HZHMKGEIFGIOO2HFGULIXV7I,SUBMITTED
2018-01-01,2018-02-01,F42HFLD4HFXQEUWRFN3NSN3H,SUBMITTED
2018-02-01,2018-03-01,Z4XRZBL4O6KATUZUDZJQWIKH,SUBMITTED
2018-03-01,2018-04-01,NKJNITM5CPVFJQJUAUNCF7GX,SUBMITTED
2018-04-01,2018-05-01,LAJZR6IRCQSYBHJDT2ASHPSR,SUBMITTED
2018-05-01,2018-06-01,TJNPP3TVRVQCDNTJFA4XA7ZG,SUBMITTED
2018-06-01,2018-07-01,ZVAYWMFFBAAIPWP6WGJX3GXT,SUBMITTED
2018-07-01,2018-08-01,4LGINOQKRMVMG5XE6Q4FI3HQ,SUBMITTED
2018-08-01,2018-09-01,CLLKTKMLUZNBXIHFHSYNTUCM,SUBMITTED
2018-09-01,2018-10-01,TNAZB6I64XXQ436FDOEDF2EJ,SUBMITTED
2018-10-01,2018-11-01,GR2T4L2V3JV37XL5KR3PFPD7,SUBMITTED
2018-11-01,2018-12-01,CJR2ATYBEW6NJY3DLF3UFZHL,SUBMITTED
2018-12-01,2019-01-01,W2KG2LZQ3STREJBBHZEPZI2K,SUBMITTED
2019-01-01,2019-02-01,TCBWCI52G22L6KB463QXTG6F,SUBMITTED
2019-02-01,2019-03-01,2CQYBI3KPTOYZLVF7Q2BKQUL,SUBMITTED
2019-03-01,2019-04-01,SK7MUFSJZPFOY45XZ3LOJAG5,SUBMITTED
2019-04-01,2019-05-01,6UYPV7FJV76HKJWN3DIWDAPJ,SUBMITTED
2019-05-01,2019-06-01,TWQK4AANSXKXFP7L4INP7BKU,SUBMITTED
2019-06-01,2019-07-01,56ZWV6WZTC25OZRDDGRFWW7Q,SUBMITTED
2019-07-01,2019-08-01,U3EZOZYEW7K4J6ZTRYNVLYIE,SUBMITTED
2019-08-01,2019-09-01,RPJIIQXJD4GXITD2LAGXI2EM,SUBMITTED
2019-09-01,2019-10-01,YS2ARS53ZRY474X4DSTWYPFA,SUBMITTED
2019-10-01,2019-11-01,NROLDXA25DPKUEICGWMRCURZ,SUBMITTED
2019-11-01,2019-12-01,4SHFKB4HZEG745RNMANB344N,SUBMITTED
2019-12-01,2020-01-01,DPBRWJWJ5V5TJAP4T5A4UH2P,SUBMITTED
2020-01-01,2020-02-01,DMQVAO3FWIPXMHZHCWHLNFLZ,SUBMITTED
2020-02-01,2020-03-01,UHVRBLISFEKLHSFGYZ5XITOP,SUBMITTED
2020-03-01,2020-04-01,WD43MUZFBQIUH6S6AKSYT2XK,SUBMITTED
2020-04-01,2020-05-01,ELBCZG47QRXT6GLZXMU5DBR3,SUBMITTED
2020-05-01,2020-06-01,3V6CRV476MUXARWOBIBBUOGG,SUBMITTED
2020-06-01,2020-07-01,EGVGCIB7BU4P2E4NOY3WW4HK,SUBMITTED
2020-07-01,2020-08-01,ZOKMXLXNMQV36ONLSTNGO3LJ,SUBMITTED
2020-08-01,2020-09-01,46SNVNVCLMILAM7VZO5Z3I6K,SUBMITTED
2020-09-01,2020-10-01,OUUP5BYU5WBFHN4FMN7DPHRL,SUBMITTED
2020-10-01,2020-11-01,2HZ47HQWYUJ3HHEQ47WLNKSR,SUBMITTED
2020-11-01,2020-12-01,NGVKHBLSHKZXG7GUIBB2X2RZ,SUBMITTED
2020-12-01,2021-01-01,CLISWBIQQM425MQVOQHUDXFT,SUBMITTED
