year,task_id,status,timestamp
2003,WN4R7WFTIWBPHJ67QABYMBWC,SUBMITTED,2025-07-21 11:08:26
2004,H2CJ5N6V65ZEU7HSZPQWRF3N,SUBMITTED,2025-07-21 11:13:30
2005,NP2RP5RCG7ASQ2G7HEDWJ4VA,SUBMITTED,2025-07-21 11:18:34
2006,OSRNEYWVDLIB7Z2VNMFSJRKP,SUBMITTED,2025-07-21 11:23:39
2007,MYJVDGDY37PGERNW24T4CV4H,SUBMITTED,2025-07-21 11:28:44
2008,3BNES3YW6GAYZJORA3VB3JDC,SUBMITTED,2025-07-21 11:33:49
2009,JS7VC55AW6YQQ42BRHMMMLLW,SUBMITTED,2025-07-21 11:38:55
2010,RHS2MAKGZHDO2L4OPICP5CQW,SUBMITTED,2025-07-21 11:44:02
2011,GUJB2YSAFR3Q4VPLWOHKPHLC,SUBMITTED,2025-07-21 11:49:09
2012,FR6LFRFNKGEVPN7HDW4LQT7J,SUBMITTED,2025-07-21 11:54:15
2013,X6EBODOWRMFIFEFQD5J7QKO3,SUBMITTED,2025-07-21 11:59:22
2014,QQYU57UKN7PBP2BM7Y6S2YUT,SUBMITTED,2025-07-21 12:04:27
2015,4GZWZ4OT7R5USC6B4FJWRGX6,SUBMITTED,2025-07-21 12:09:33
2016,UAFU3XN7GQGVE7TO2WQRIZXF,SUBMITTED,2025-07-21 12:14:39
2017,NRS5Z2EME3YYGTJHPUQFSY3G,SUBMITTED,2025-07-21 12:19:46
2018,K6WHQW3BPGWLOWNBNGCLTIPI,SUBMITTED,2025-07-21 12:24:52
2019,MX7BU4ST7LID7SQXOY6LW7VJ,SUBMITTED,2025-07-21 12:29:59
2020,6GJVWFR3FMBOA7PNUJDGIWM4,SUBMITTED,2025-07-21 12:35:05
